null,Rank,Pokemon,Usage%,Raw,Raw%,Real,Real%
 ,1.0, Landorus-Therian   , 38.05216% ,805288.0, 24.731% ,697059.0, 27.565% 
 ,2.0, Dragapult          , 28.86120% ,622453.0, 19.116% ,461341.0, 18.243% 
 ,3.0, Clefable           , 26.36558% ,393667.0, 12.090% ,302348.0, 11.956% 
 ,4.0, Corviknight        , 23.69150% ,465940.0, 14.309% ,377575.0, 14.931% 
 ,5.0, Heatran            , 23.30010% ,499169.0, 15.330% ,410444.0, 16.231% 
 ,6.0, Garchomp           , 22.62007% ,518630.0, 15.928% ,401308.0, 15.869% 
 ,7.0, Ferrothorn         , 20.67450% ,607196.0, 18.648% ,524152.0, 20.727% 
 ,8.0, Rillaboom          , 17.38132% ,505830.0, 15.535% ,388103.0, 15.347% 
 ,9.0, Toxapex            , 16.18848% ,351927.0, 10.808% ,275673.0, 10.901% 
 ,10.0, Slowking           , 12.72117% ,95121.0,  2.921% ,76839.0,  3.039% 
 ,11.0, Kartana            , 12.54933% ,380894.0, 11.698% ,290657.0, 11.494% 
 ,12.0, Tapu Lele          , 12.35733% ,270440.0,  8.305% ,206793.0,  8.177% 
 ,13.0, Mandibuzz          , 12.09484% ,232478.0,  7.140% ,182818.0,  7.229% 
 ,14.0, Blissey            , 11.58354% ,248131.0,  7.620% ,189694.0,  7.501% 
 ,15.0, Tapu Koko          , 10.98549% ,402337.0, 12.356% ,330894.0, 13.085% 
 ,16.0, Zapdos             , 10.77962% ,284862.0,  8.748% ,232390.0,  9.190% 
 ,17.0, Slowking-Galar     , 10.40027% ,244568.0,  7.511% ,195099.0,  7.715% 
 ,18.0, Tornadus-Therian   , 10.38634% ,203191.0,  6.240% ,156744.0,  6.198% 
 ,19.0, Urshifu-Rapid-Strike , 10.13020% ,346523.0, 10.642% ,270336.0, 10.690% 
 ,20.0, Volcarona          ,  9.90563% ,355259.0, 10.910% ,255484.0, 10.103% 
 ,21.0, Tapu Fini          ,  9.69051% ,248943.0,  7.645% ,204342.0,  8.081% 
 ,22.0, Bisharp            ,  9.48613% ,146672.0,  4.504% ,110324.0,  4.363% 
 ,23.0, Magnezone          ,  9.38387% ,124120.0,  3.812% ,99715.0,  3.943% 
 ,24.0, Zeraora            ,  9.11819% ,170617.0,  5.240% ,129874.0,  5.136% 
 ,25.0, Tyranitar          ,  9.11692% ,275764.0,  8.469% ,226048.0,  8.939% 
 ,26.0, Kyurem             ,  9.03955% ,155432.0,  4.773% ,123035.0,  4.865% 
 ,27.0, Weavile            ,  8.49917% ,173976.0,  5.343% ,136123.0,  5.383% 
 ,28.0, Skarmory           ,  8.20348% ,89263.0,  2.741% ,77004.0,  3.045% 
 ,29.0, Slowbro            ,  8.12660% ,250853.0,  7.704% ,201860.0,  7.982% 
 ,30.0, Excadrill          ,  7.62792% ,289178.0,  8.881% ,218255.0,  8.631% 
 ,31.0, Melmetal           ,  7.51390% ,243040.0,  7.464% ,193378.0,  7.647% 
 ,32.0, Dragonite          ,  7.34380% ,268606.0,  8.249% ,196071.0,  7.753% 
 ,33.0, Hippowdon          ,  6.96170% ,151755.0,  4.661% ,131267.0,  5.191% 
 ,34.0, Swampert           ,  6.50685% ,245789.0,  7.548% ,211824.0,  8.376% 
 ,35.0, Scizor             ,  5.36413% ,122607.0,  3.765% ,95906.0,  3.793% 
 ,36.0, Nidoking           ,  5.27207% ,241924.0,  7.430% ,186318.0,  7.368% 
 ,37.0, Ninetales-Alola    ,  4.79307% ,89954.0,  2.763% ,77880.0,  3.080% 
 ,38.0, Hydreigon          ,  4.59005% ,176058.0,  5.407% ,130460.0,  5.159% 
 ,39.0, Tangrowth          ,  4.57380% ,80707.0,  2.479% ,64907.0,  2.567% 
 ,40.0, Chansey            ,  4.40557% ,69724.0,  2.141% ,52794.0,  2.088% 
 ,41.0, Regieleki          ,  4.20362% ,265090.0,  8.141% ,198600.0,  7.853% 
 ,42.0, Hawlucha           ,  3.95996% ,219061.0,  6.728% ,151282.0,  5.982% 
 ,43.0, Crawdaunt          ,  3.85366% ,77942.0,  2.394% ,60239.0,  2.382% 
 ,44.0, Pelipper           ,  3.68523% ,220366.0,  6.768% ,201329.0,  7.961% 
 ,45.0, Mew                ,  3.56267% ,96522.0,  2.964% ,82082.0,  3.246% 
 ,46.0, Zapdos-Galar       ,  3.37762% ,186634.0,  5.732% ,142392.0,  5.631% 
 ,47.0, Dracozolt          ,  3.35941% ,91203.0,  2.801% ,70540.0,  2.789% 
 ,48.0, Victini            ,  3.32701% ,83424.0,  2.562% ,67481.0,  2.668% 
 ,49.0, Reuniclus          ,  3.28540% ,48718.0,  1.496% ,35670.0,  1.411% 
 ,50.0, Cloyster           ,  3.23928% ,100488.0,  3.086% ,73812.0,  2.919% 
 ,51.0, Latios             ,  2.32531% ,187120.0,  5.747% ,141711.0,  5.604% 
 ,52.0, Azumarill          ,  2.30185% ,96142.0,  2.953% ,73648.0,  2.912% 
 ,53.0, Aegislash          ,  2.26628% ,133173.0,  4.090% ,102412.0,  4.050% 
 ,54.0, Gastrodon          ,  2.24291% ,46547.0,  1.430% ,36775.0,  1.454% 
 ,55.0, Mamoswine          ,  2.19038% ,94670.0,  2.907% ,76598.0,  3.029% 
 ,56.0, Blacephalon        ,  2.17346% ,103608.0,  3.182% ,77371.0,  3.060% 
 ,57.0, Buzzwole           ,  2.16416% ,125082.0,  3.841% ,95626.0,  3.781% 
 ,58.0, Barraskewda        ,  2.10283% ,194172.0,  5.963% ,147887.0,  5.848% 
 ,59.0, Kommo-o            ,  1.90762% ,66586.0,  2.045% ,49651.0,  1.963% 
 ,60.0, Rotom-Wash         ,  1.89517% ,93427.0,  2.869% ,78763.0,  3.115% 
 ,61.0, Amoonguss          ,  1.85218% ,46427.0,  1.426% ,35286.0,  1.395% 
 ,62.0, Quagsire           ,  1.70546% ,45375.0,  1.394% ,34527.0,  1.365% 
 ,63.0, Moltres            ,  1.60633% ,130956.0,  4.022% ,105321.0,  4.165% 
 ,64.0, Thundurus-Therian  ,  1.58356% ,66355.0,  2.038% ,52697.0,  2.084% 
 ,65.0, Ditto              ,  1.57237% ,48687.0,  1.495% ,34221.0,  1.353% 
 ,66.0, Blaziken           ,  1.45520% ,182891.0,  5.617% ,134255.0,  5.309% 
 ,67.0, Keldeo             ,  1.39166% ,44468.0,  1.366% ,34997.0,  1.384% 
 ,68.0, Zarude             ,  1.38480% ,19441.0,  0.597% ,14394.0,  0.569% 
 ,69.0, Seismitoad         ,  1.38020% ,61957.0,  1.903% ,51904.0,  2.052% 
 ,70.0, Jirachi            ,  1.34694% ,70787.0,  2.174% ,52814.0,  2.088% 
 ,71.0, Arctozolt          ,  1.32982% ,19906.0,  0.611% ,15056.0,  0.595% 
 ,72.0, Moltres-Galar      ,  1.29746% ,35771.0,  1.099% ,26599.0,  1.052% 
 ,73.0, Togekiss           ,  1.29745% ,82631.0,  2.538% ,61255.0,  2.422% 
 ,74.0, Starmie            ,  1.29679% ,17876.0,  0.549% ,13383.0,  0.529% 
 ,75.0, Sylveon            ,  1.23631% ,29043.0,  0.892% ,20728.0,  0.820% 
 ,76.0, Sandslash-Alola    ,  1.22825% ,8939.0,  0.275% ,6773.0,  0.268% 
 ,77.0, Latias             ,  1.17568% ,54190.0,  1.664% ,40085.0,  1.585% 
 ,78.0, Primarina          ,  1.11239% ,39729.0,  1.220% ,30524.0,  1.207% 
 ,79.0, Toxtricity         ,  1.10088% ,34321.0,  1.054% ,25080.0,  0.992% 
 ,80.0, Gengar             ,  1.04710% ,130636.0,  4.012% ,94319.0,  3.730% 
 ,81.0, Shedinja           ,  0.89944% ,15351.0,  0.471% ,10799.0,  0.427% 
 ,82.0, Heracross          ,  0.85903% ,17503.0,  0.538% ,12611.0,  0.499% 
 ,83.0, Suicune            ,  0.84734% ,27691.0,  0.850% ,20934.0,  0.828% 
 ,84.0, Omastar            ,  0.83572% ,11709.0,  0.360% ,8684.0,  0.343% 
 ,85.0, Hatterene          ,  0.78716% ,78611.0,  2.414% ,62453.0,  2.470% 
 ,86.0, Tapu Bulu          ,  0.66411% ,30453.0,  0.935% ,24044.0,  0.951% 
 ,87.0, Grimmsnarl         ,  0.66064% ,83916.0,  2.577% ,69252.0,  2.739% 
 ,88.0, Obstagoon          ,  0.64385% ,56514.0,  1.736% ,43149.0,  1.706% 
 ,89.0, Conkeldurr         ,  0.64251% ,68717.0,  2.110% ,52042.0,  2.058% 
 ,90.0, Torkoal            ,  0.63227% ,72267.0,  2.219% ,66040.0,  2.611% 
 ,91.0, Incineroar         ,  0.59285% ,42649.0,  1.310% ,34446.0,  1.362% 
 ,92.0, Terrakion          ,  0.58861% ,43016.0,  1.321% ,33314.0,  1.317% 
 ,93.0, Stunfisk           ,  0.58320% ,2666.0,  0.082% ,2190.0,  0.087% 
 ,94.0, Celesteela         ,  0.57867% ,59156.0,  1.817% ,47963.0,  1.897% 
 ,95.0, Venusaur           ,  0.52453% ,72499.0,  2.227% ,54821.0,  2.168% 
 ,96.0, Shuckle            ,  0.52331% ,60570.0,  1.860% ,54797.0,  2.167% 
 ,97.0, Kingdra            ,  0.50245% ,49337.0,  1.515% ,36836.0,  1.457% 
 ,98.0, Umbreon            ,  0.47405% ,59860.0,  1.838% ,44075.0,  1.743% 
 ,99.0, Haxorus            ,  0.46596% ,30686.0,  0.942% ,21114.0,  0.835% 
 ,100.0, Diggersby          ,  0.44298% ,24071.0,  0.739% ,18008.0,  0.712% 
 ,101.0, Salamence          ,  0.43342% ,60427.0,  1.856% ,45135.0,  1.785% 
 ,102.0, Rhyperior          ,  0.41177% ,38023.0,  1.168% ,30448.0,  1.204% 
 ,103.0, Nihilego           ,  0.40712% ,37719.0,  1.158% ,28374.0,  1.122% 
 ,104.0, Klefki             ,  0.40033% ,24237.0,  0.744% ,20595.0,  0.814% 
 ,105.0, Alakazam           ,  0.39201% ,61511.0,  1.889% ,42156.0,  1.667% 
 ,106.0, Marowak-Alola      ,  0.38455% ,34718.0,  1.066% ,26929.0,  1.065% 
 ,107.0, Rotom-Heat         ,  0.37595% ,67256.0,  2.065% ,54688.0,  2.163% 
 ,108.0, Nidoqueen          ,  0.35904% ,11743.0,  0.361% ,9383.0,  0.371% 
 ,109.0, Xatu               ,  0.35837% ,12041.0,  0.370% ,9398.0,  0.372% 
 ,110.0, Raichu-Alola       ,  0.35661% ,20374.0,  0.626% ,14976.0,  0.592% 
 ,111.0, Polteageist        ,  0.34356% ,34948.0,  1.073% ,25073.0,  0.991% 
 ,112.0, Volcanion          ,  0.32796% ,42976.0,  1.320% ,34328.0,  1.357% 
 ,113.0, Gyarados           ,  0.32029% ,70750.0,  2.173% ,54506.0,  2.155% 
 ,114.0, Darmanitan         ,  0.31227% ,37560.0,  1.154% ,28687.0,  1.134% 
 ,115.0, Raikou             ,  0.29980% ,17130.0,  0.526% ,12967.0,  0.513% 
 ,116.0, Necrozma           ,  0.28119% ,13917.0,  0.427% ,10481.0,  0.414% 
 ,117.0, Sandaconda         ,  0.27930% ,20833.0,  0.640% ,18095.0,  0.716% 
 ,118.0, Azelf              ,  0.27102% ,32566.0,  1.000% ,29671.0,  1.173% 
 ,119.0, Porygon2           ,  0.26071% ,35056.0,  1.077% ,28156.0,  1.113% 
 ,120.0, Frosmoth           ,  0.24748% ,7480.0,  0.230% ,5126.0,  0.203% 
 ,121.0, Glastrier          ,  0.24573% ,13675.0,  0.420% ,9895.0,  0.391% 
 ,122.0, Regidrago          ,  0.23792% ,17561.0,  0.539% ,12603.0,  0.498% 
 ,123.0, Zygarde-10%        ,  0.23190% ,12093.0,  0.371% ,8920.0,  0.353% 
 ,124.0, Weezing-Galar      ,  0.22074% ,18513.0,  0.569% ,14537.0,  0.575% 
 ,125.0, Cresselia          ,  0.21011% ,16772.0,  0.515% ,12594.0,  0.498% 
 ,126.0, Porygon-Z          ,  0.19628% ,21072.0,  0.647% ,16056.0,  0.635% 
 ,127.0, Lycanroc-Dusk      ,  0.17523% ,30319.0,  0.931% ,22476.0,  0.889% 
 ,128.0, Scolipede          ,  0.17264% ,21319.0,  0.655% ,15470.0,  0.612% 
 ,129.0, Abomasnow          ,  0.16706% ,6279.0,  0.193% ,5147.0,  0.204% 
 ,130.0, Snorlax            ,  0.16471% ,37177.0,  1.142% ,28281.0,  1.118% 
 ,131.0, Vaporeon           ,  0.16171% ,18559.0,  0.570% ,14364.0,  0.568% 
 ,132.0, Espeon             ,  0.15966% ,34832.0,  1.070% ,26083.0,  1.031% 
 ,133.0, Charizard          ,  0.14848% ,51679.0,  1.587% ,37751.0,  1.493% 
 ,134.0, Lucario            ,  0.14796% ,44901.0,  1.379% ,32569.0,  1.288% 
 ,135.0, Vanilluxe          ,  0.14231% ,11982.0,  0.368% ,10064.0,  0.398% 
 ,136.0, Ribombee           ,  0.14195% ,35020.0,  1.075% ,30901.0,  1.222% 
 ,137.0, Salazzle           ,  0.14116% ,33646.0,  1.033% ,25126.0,  0.994% 
 ,138.0, Mimikyu            ,  0.14028% ,57693.0,  1.772% ,41148.0,  1.627% 
 ,139.0, Butterfree         ,  0.14004% ,6422.0,  0.197% ,4679.0,  0.185% 
 ,140.0, Krookodile         ,  0.13620% ,58765.0,  1.805% ,45700.0,  1.807% 
 ,141.0, Tsareena           ,  0.13215% ,7942.0,  0.244% ,5976.0,  0.236% 
 ,142.0, Drampa             ,  0.12472% ,3152.0,  0.097% ,2381.0,  0.094% 
 ,143.0, Tentacruel         ,  0.12174% ,20743.0,  0.637% ,15927.0,  0.630% 
 ,144.0, Inteleon           ,  0.11614% ,26991.0,  0.829% ,19731.0,  0.780% 
 ,145.0, Arctovish          ,  0.11601% ,9050.0,  0.278% ,6938.0,  0.274% 
 ,146.0, Milotic            ,  0.11570% ,40763.0,  1.252% ,31071.0,  1.229% 
 ,147.0, Mantine            ,  0.10997% ,11546.0,  0.355% ,9112.0,  0.360% 
 ,148.0, Stakataka          ,  0.09706% ,18868.0,  0.579% ,14453.0,  0.572% 
 ,149.0, Aurorus            ,  0.09506% ,6398.0,  0.196% ,5307.0,  0.210% 
 ,150.0, Slowbro-Galar      ,  0.09299% ,20009.0,  0.614% ,14894.0,  0.589% 
 ,151.0, Xurkitree          ,  0.09255% ,19475.0,  0.598% ,14332.0,  0.567% 
 ,152.0, Metagross          ,  0.08500% ,43389.0,  1.333% ,32922.0,  1.302% 
 ,153.0, Lopunny            ,  0.08208% ,4690.0,  0.144% ,3793.0,  0.150% 
 ,154.0, Entei              ,  0.08178% ,19852.0,  0.610% ,15586.0,  0.616% 
 ,155.0, Slurpuff           ,  0.07877% ,29940.0,  0.919% ,25055.0,  0.991% 
 ,156.0, Bronzong           ,  0.07824% ,10116.0,  0.311% ,8763.0,  0.347% 
 ,157.0, Sirfetch'd         ,  0.07803% ,12641.0,  0.388% ,9446.0,  0.374% 
 ,158.0, Blastoise          ,  0.07791% ,28900.0,  0.888% ,21752.0,  0.860% 
 ,159.0, Araquanid          ,  0.07571% ,22171.0,  0.681% ,19076.0,  0.754% 
 ,160.0, Gardevoir          ,  0.07502% ,37161.0,  1.141% ,26284.0,  1.039% 
 ,161.0, Steelix            ,  0.07290% ,9970.0,  0.306% ,8057.0,  0.319% 
 ,162.0, Virizion           ,  0.06716% ,5900.0,  0.181% ,4338.0,  0.172% 
 ,163.0, Zoroark            ,  0.06656% ,28085.0,  0.863% ,11494.0,  0.455% 
 ,164.0, Corsola-Galar      ,  0.06140% ,24850.0,  0.763% ,19312.0,  0.764% 
 ,165.0, Chandelure         ,  0.06135% ,38403.0,  1.179% ,28307.0,  1.119% 
 ,166.0, Pyukumuku          ,  0.06135% ,10741.0,  0.330% ,8153.0,  0.322% 
 ,167.0, Accelgor           ,  0.05799% ,13860.0,  0.426% ,11231.0,  0.444% 
 ,168.0, Avalugg            ,  0.05713% ,6789.0,  0.208% ,5135.0,  0.203% 
 ,169.0, Tyrantrum          ,  0.05559% ,12427.0,  0.382% ,8848.0,  0.350% 
 ,170.0, Thundurus          ,  0.05482% ,12159.0,  0.373% ,9587.0,  0.379% 
 ,171.0, Whimsicott         ,  0.05443% ,19996.0,  0.614% ,15454.0,  0.611% 
 ,172.0, Celebi             ,  0.05409% ,7719.0,  0.237% ,5677.0,  0.224% 
 ,173.0, Lycanroc           ,  0.05309% ,5430.0,  0.167% ,4474.0,  0.177% 
 ,174.0, Galvantula         ,  0.05085% ,34038.0,  1.045% ,29737.0,  1.176% 
 ,175.0, Mienshao           ,  0.05064% ,16620.0,  0.510% ,12755.0,  0.504% 
 ,176.0, Tauros             ,  0.05028% ,7407.0,  0.227% ,5435.0,  0.215% 
 ,177.0, Exploud            ,  0.04728% ,9257.0,  0.284% ,7214.0,  0.285% 
 ,178.0, Escavalier         ,  0.04684% ,9931.0,  0.305% ,7678.0,  0.304% 
 ,179.0, Articuno           ,  0.04657% ,6554.0,  0.201% ,4885.0,  0.193% 
 ,180.0, Bewear             ,  0.04591% ,8010.0,  0.246% ,6017.0,  0.238% 
 ,181.0, Toxicroak          ,  0.04393% ,13494.0,  0.414% ,10075.0,  0.398% 
 ,182.0, Sceptile           ,  0.04303% ,28608.0,  0.879% ,19637.0,  0.777% 
 ,183.0, Altaria            ,  0.04234% ,4498.0,  0.138% ,3250.0,  0.129% 
 ,184.0, Arcanine           ,  0.04104% ,31566.0,  0.969% ,23762.0,  0.940% 
 ,185.0, Gigalith           ,  0.03953% ,9838.0,  0.302% ,8323.0,  0.329% 
 ,186.0, Cinccino           ,  0.03871% ,13310.0,  0.409% ,9713.0,  0.384% 
 ,187.0, Sableye            ,  0.03839% ,12379.0,  0.380% ,9869.0,  0.390% 
 ,188.0, Exeggutor-Alola    ,  0.03779% ,4685.0,  0.144% ,3507.0,  0.139% 
 ,189.0, Scrafty            ,  0.03585% ,10048.0,  0.309% ,7727.0,  0.306% 
 ,190.0, Heliolisk          ,  0.03418% ,16309.0,  0.501% ,11677.0,  0.462% 
 ,191.0, Runerigus          ,  0.03376% ,8150.0,  0.250% ,6942.0,  0.275% 
 ,192.0, Machamp            ,  0.03352% ,15484.0,  0.476% ,12052.0,  0.477% 
 ,193.0, Sigilyph           ,  0.03235% ,10923.0,  0.335% ,8253.0,  0.326% 
 ,194.0, Uxie               ,  0.03089% ,11133.0,  0.342% ,10101.0,  0.399% 
 ,195.0, Audino             ,  0.03050% ,2969.0,  0.091% ,2256.0,  0.089% 
 ,196.0, Politoed           ,  0.03042% ,19063.0,  0.585% ,16739.0,  0.662% 
 ,197.0, Cryogonal          ,  0.03002% ,4244.0,  0.130% ,3276.0,  0.130% 
 ,198.0, Froslass           ,  0.02969% ,11772.0,  0.362% ,9604.0,  0.380% 
 ,199.0, Comfey             ,  0.02964% ,18012.0,  0.553% ,12996.0,  0.514% 
 ,200.0, Goodra             ,  0.02907% ,30395.0,  0.933% ,22658.0,  0.896% 
 ,201.0, Jellicent          ,  0.02858% ,9106.0,  0.280% ,7006.0,  0.277% 
 ,202.0, Golurk             ,  0.02830% ,10209.0,  0.314% ,7904.0,  0.313% 
 ,203.0, Indeedee           ,  0.02811% ,11479.0,  0.353% ,8580.0,  0.339% 
 ,204.0, Archeops           ,  0.02806% ,9602.0,  0.295% ,7274.0,  0.288% 
 ,205.0, Talonflame         ,  0.02767% ,16428.0,  0.505% ,11990.0,  0.474% 
 ,206.0, Aerodactyl         ,  0.02752% ,13325.0,  0.409% ,10528.0,  0.416% 
 ,207.0, Golisopod          ,  0.02727% ,14136.0,  0.434% ,10835.0,  0.428% 
 ,208.0, Durant             ,  0.02663% ,9517.0,  0.292% ,7109.0,  0.281% 
 ,209.0, Manectric          ,  0.02638% ,5104.0,  0.157% ,3697.0,  0.146% 
 ,210.0, Claydol            ,  0.02626% ,6771.0,  0.208% ,5390.0,  0.213% 
 ,211.0, Flygon             ,  0.02623% ,13268.0,  0.407% ,10090.0,  0.399% 
 ,212.0, Roserade           ,  0.02602% ,21921.0,  0.673% ,16750.0,  0.662% 
 ,213.0, Eldegoss           ,  0.02477% ,3857.0,  0.118% ,2910.0,  0.115% 
 ,214.0, Registeel          ,  0.02358% ,11832.0,  0.363% ,9391.0,  0.371% 
 ,215.0, Aggron             ,  0.02338% ,14824.0,  0.455% ,11333.0,  0.448% 
 ,216.0, Decidueye          ,  0.02270% ,11344.0,  0.348% ,8504.0,  0.336% 
 ,217.0, Cradily            ,  0.02231% ,8845.0,  0.272% ,6635.0,  0.262% 
 ,218.0, Lapras             ,  0.02229% ,13344.0,  0.410% ,9950.0,  0.393% 
 ,219.0, Kingler            ,  0.02149% ,5094.0,  0.156% ,3727.0,  0.147% 
 ,220.0, Ninetales          ,  0.02141% ,19288.0,  0.592% ,15527.0,  0.614% 
 ,221.0, Regigigas          ,  0.02127% ,8615.0,  0.265% ,6560.0,  0.259% 
 ,222.0, Diancie            ,  0.02089% ,8470.0,  0.260% ,6562.0,  0.259% 
 ,223.0, Cobalion           ,  0.02063% ,5926.0,  0.182% ,4830.0,  0.191% 
 ,224.0, Ludicolo           ,  0.02057% ,12758.0,  0.392% ,9407.0,  0.372% 
 ,225.0, Vikavolt           ,  0.02021% ,10665.0,  0.328% ,8586.0,  0.340% 
 ,226.0, Hitmonlee          ,  0.01978% ,12957.0,  0.398% ,9207.0,  0.364% 
 ,227.0, Palossand          ,  0.01962% ,4563.0,  0.140% ,3520.0,  0.139% 
 ,228.0, Electivire         ,  0.01961% ,13550.0,  0.416% ,9541.0,  0.377% 
 ,229.0, Dhelmise           ,  0.01937% ,8040.0,  0.247% ,6080.0,  0.240% 
 ,230.0, Poliwrath          ,  0.01918% ,11589.0,  0.356% ,8977.0,  0.355% 
 ,231.0, Swoobat            ,  0.01876% ,7954.0,  0.244% ,6109.0,  0.242% 
 ,232.0, Dragalge           ,  0.01799% ,7515.0,  0.231% ,5640.0,  0.223% 
 ,233.0, Crobat             ,  0.01781% ,19340.0,  0.594% ,14685.0,  0.581% 
 ,234.0, Vileplume          ,  0.01730% ,8407.0,  0.258% ,6425.0,  0.254% 
 ,235.0, Articuno-Galar     ,  0.01658% ,10088.0,  0.310% ,7308.0,  0.289% 
 ,236.0, Flapple            ,  0.01645% ,3071.0,  0.094% ,2181.0,  0.086% 
 ,237.0, Rotom-Mow          ,  0.01623% ,8394.0,  0.258% ,6698.0,  0.265% 
 ,238.0, Pikachu            ,  0.01602% ,13702.0,  0.421% ,10209.0,  0.404% 
 ,239.0, Clawitzer          ,  0.01595% ,6289.0,  0.193% ,4741.0,  0.187% 
 ,240.0, Sharpedo           ,  0.01584% ,9924.0,  0.305% ,7253.0,  0.287% 
 ,241.0, Absol              ,  0.01578% ,7811.0,  0.240% ,5576.0,  0.220% 
 ,242.0, Lycanroc-Midnight  ,  0.01561% ,7243.0,  0.222% ,4788.0,  0.189% 
 ,243.0, Dusknoir           ,  0.01560% ,7128.0,  0.219% ,5616.0,  0.222% 
 ,244.0, Boltund            ,  0.01526% ,4704.0,  0.144% ,3512.0,  0.139% 
 ,245.0, Gourgeist-Super    ,  0.01490% ,2214.0,  0.068% ,1795.0,  0.071% 
 ,246.0, Exeggutor          ,  0.01456% ,5258.0,  0.161% ,3817.0,  0.151% 
 ,247.0, Barbaracle         ,  0.01429% ,5103.0,  0.157% ,3590.0,  0.142% 
 ,248.0, Cofagrigus         ,  0.01413% ,8943.0,  0.275% ,7242.0,  0.286% 
 ,249.0, Morpeko            ,  0.01356% ,9187.0,  0.282% ,6846.0,  0.271% 
 ,250.0, Mesprit            ,  0.01343% ,5710.0,  0.175% ,4656.0,  0.184% 
 ,251.0, Dusclops           ,  0.01322% ,12324.0,  0.378% ,9703.0,  0.384% 
 ,252.0, Linoone            ,  0.01256% ,10575.0,  0.325% ,7751.0,  0.307% 
 ,253.0, Pangoro            ,  0.01204% ,6504.0,  0.200% ,4927.0,  0.195% 
 ,254.0, Gothitelle         ,  0.01191% ,1184.0,  0.036% ,888.0,  0.035% 
 ,255.0, Trevenant          ,  0.01154% ,6425.0,  0.197% ,4762.0,  0.188% 
 ,256.0, Jolteon            ,  0.01138% ,17826.0,  0.547% ,13421.0,  0.531% 
 ,257.0, Rapidash-Galar     ,  0.01111% ,3135.0,  0.096% ,2072.0,  0.082% 
 ,258.0, Centiskorch        ,  0.01071% ,9050.0,  0.278% ,6693.0,  0.265% 
 ,259.0, Duraludon          ,  0.01067% ,5949.0,  0.183% ,4416.0,  0.175% 
 ,260.0, Farfetch'd         ,  0.01036% ,468.0,  0.014% ,344.0,  0.014% 
 ,261.0, Seadra             ,  0.01031% ,401.0,  0.012% ,287.0,  0.011% 
 ,262.0, Drapion            ,  0.01030% ,12667.0,  0.389% ,9384.0,  0.371% 
 ,263.0, Aromatisse         ,  0.00975% ,1041.0,  0.032% ,746.0,  0.029% 
 ,264.0, Magneton           ,  0.00972% ,2553.0,  0.078% ,1953.0,  0.077% 
 ,265.0, Klinklang          ,  0.00950% ,1820.0,  0.056% ,1326.0,  0.052% 
 ,266.0, Mudsdale           ,  0.00918% ,6506.0,  0.200% ,5105.0,  0.202% 
 ,267.0, Tornadus           ,  0.00856% ,5313.0,  0.163% ,3937.0,  0.156% 
 ,268.0, Drednaw            ,  0.00842% ,3725.0,  0.114% ,2751.0,  0.109% 
 ,269.0, Lanturn            ,  0.00839% ,6432.0,  0.198% ,4930.0,  0.195% 
 ,270.0, Togedemaru         ,  0.00831% ,9565.0,  0.294% ,7571.0,  0.299% 
 ,271.0, Regice             ,  0.00830% ,9235.0,  0.284% ,6751.0,  0.267% 
 ,272.0, Hitmontop          ,  0.00822% ,8567.0,  0.263% ,6681.0,  0.264% 
 ,273.0, Wigglytuff         ,  0.00797% ,3315.0,  0.102% ,2464.0,  0.097% 
 ,274.0, Throh              ,  0.00782% ,979.0,  0.030% ,725.0,  0.029% 
 ,275.0, Malamar            ,  0.00781% ,12360.0,  0.380% ,9313.0,  0.368% 
 ,276.0, Regirock           ,  0.00766% ,8620.0,  0.265% ,6699.0,  0.265% 
 ,277.0, Spiritomb          ,  0.00763% ,13754.0,  0.422% ,11230.0,  0.444% 
 ,278.0, Eiscue             ,  0.00763% ,8712.0,  0.268% ,6299.0,  0.249% 
 ,279.0, Persian-Alola      ,  0.00755% ,4841.0,  0.149% ,4018.0,  0.159% 
 ,280.0, Raboot             ,  0.00753% ,3192.0,  0.098% ,2536.0,  0.100% 
 ,281.0, Horsea             ,  0.00747% ,94.0,  0.003% ,62.0,  0.002% 
 ,282.0, Stoutland          ,  0.00746% ,3735.0,  0.115% ,2720.0,  0.108% 
 ,283.0, Walrein            ,  0.00746% ,3785.0,  0.116% ,2841.0,  0.112% 
 ,284.0, Shiftry            ,  0.00745% ,5976.0,  0.184% ,4408.0,  0.174% 
 ,285.0, Whiscash           ,  0.00742% ,1745.0,  0.054% ,1297.0,  0.051% 
 ,286.0, Golduck            ,  0.00734% ,5461.0,  0.168% ,4622.0,  0.183% 
 ,287.0, Druddigon          ,  0.00734% ,11081.0,  0.340% ,9541.0,  0.377% 
 ,288.0, Dubwool            ,  0.00729% ,4613.0,  0.142% ,3410.0,  0.135% 
 ,289.0, Shiinotic          ,  0.00689% ,3277.0,  0.101% ,2501.0,  0.099% 
 ,290.0, Garbodor           ,  0.00684% ,2236.0,  0.069% ,1743.0,  0.069% 
 ,291.0, Drifblim           ,  0.00646% ,4782.0,  0.147% ,3421.0,  0.135% 
 ,292.0, Silvally           ,  0.00633% ,2422.0,  0.074% ,1923.0,  0.076% 
 ,293.0, Mr. Rime           ,  0.00624% ,2980.0,  0.092% ,2169.0,  0.086% 
 ,294.0, Noivern            ,  0.00622% ,11499.0,  0.353% ,8687.0,  0.344% 
 ,295.0, Shellder           ,  0.00619% ,83.0,  0.003% ,55.0,  0.002% 
 ,296.0, Binacle            ,  0.00618% ,18.0,  0.001% ,17.0,  0.001% 
 ,297.0, Sinistea           ,  0.00618% ,51.0,  0.002% ,40.0,  0.002% 
 ,298.0, Weezing            ,  0.00601% ,4130.0,  0.127% ,3362.0,  0.133% 
 ,299.0, Charjabug          ,  0.00595% ,844.0,  0.026% ,763.0,  0.030% 
 ,300.0, Luxray             ,  0.00594% ,5727.0,  0.176% ,4318.0,  0.171% 
 ,301.0, Scyther            ,  0.00592% ,7118.0,  0.219% ,5149.0,  0.204% 
 ,302.0, Kabutops           ,  0.00584% ,7166.0,  0.220% ,5153.0,  0.204% 
 ,303.0, Lurantis           ,  0.00577% ,7210.0,  0.221% ,5234.0,  0.207% 
 ,304.0, Calyrex            ,  0.00566% ,674.0,  0.021% ,491.0,  0.019% 
 ,305.0, Ninjask            ,  0.00562% ,7424.0,  0.228% ,5365.0,  0.212% 
 ,306.0, Liepard            ,  0.00549% ,5979.0,  0.184% ,4488.0,  0.177% 
 ,307.0, Cramorant          ,  0.00547% ,4262.0,  0.131% ,3379.0,  0.134% 
 ,308.0, Beartic            ,  0.00527% ,3553.0,  0.109% ,2504.0,  0.099% 
 ,309.0, Copperajah         ,  0.00497% ,4375.0,  0.134% ,3271.0,  0.129% 
 ,310.0, Appletun           ,  0.00491% ,5991.0,  0.184% ,4390.0,  0.174% 
 ,311.0, Pincurchin         ,  0.00487% ,6730.0,  0.207% ,5439.0,  0.215% 
 ,312.0, Raichu             ,  0.00485% ,5736.0,  0.176% ,4191.0,  0.166% 
 ,313.0, Braviary           ,  0.00474% ,6125.0,  0.188% ,4387.0,  0.173% 
 ,314.0, Doublade           ,  0.00472% ,5754.0,  0.177% ,4340.0,  0.172% 
 ,315.0, Cursola            ,  0.00464% ,5884.0,  0.181% ,4440.0,  0.176% 
 ,316.0, Wailord            ,  0.00459% ,2806.0,  0.086% ,2134.0,  0.084% 
 ,317.0, Orbeetle           ,  0.00436% ,4936.0,  0.152% ,4018.0,  0.159% 
 ,318.0, Noctowl            ,  0.00433% ,1523.0,  0.047% ,1181.0,  0.047% 
 ,319.0, Bouffalant         ,  0.00429% ,5414.0,  0.166% ,3817.0,  0.151% 
 ,320.0, Tangela            ,  0.00420% ,1730.0,  0.053% ,1267.0,  0.050% 
 ,321.0, Thwackey           ,  0.00408% ,550.0,  0.017% ,447.0,  0.018% 
 ,322.0, Thievul            ,  0.00399% ,2437.0,  0.075% ,1619.0,  0.064% 
 ,323.0, Jynx               ,  0.00391% ,1751.0,  0.054% ,1282.0,  0.051% 
 ,324.0, Guzzlord           ,  0.00381% ,3241.0,  0.100% ,2430.0,  0.096% 
 ,325.0, Alcremie           ,  0.00367% ,3185.0,  0.098% ,2083.0,  0.082% 
 ,326.0, Magmortar          ,  0.00349% ,5027.0,  0.154% ,3753.0,  0.148% 
 ,327.0, Lunatone           ,  0.00337% ,880.0,  0.027% ,679.0,  0.027% 
 ,328.0, Beheeyem           ,  0.00328% ,1292.0,  0.040% ,923.0,  0.036% 
 ,329.0, Rotom-Frost        ,  0.00328% ,1597.0,  0.049% ,1178.0,  0.047% 
 ,330.0, Leafeon            ,  0.00327% ,9418.0,  0.289% ,6796.0,  0.269% 
 ,331.0, Grapploct          ,  0.00324% ,3032.0,  0.093% ,2314.0,  0.092% 
 ,332.0, Type: Null         ,  0.00317% ,1438.0,  0.044% ,1048.0,  0.041% 
 ,333.0, Coalossal          ,  0.00309% ,5899.0,  0.181% ,4693.0,  0.186% 
 ,334.0, Maractus           ,  0.00300% ,1459.0,  0.045% ,1043.0,  0.041% 
 ,335.0, Armaldo            ,  0.00284% ,3455.0,  0.106% ,2530.0,  0.100% 
 ,336.0, Indeedee-F         ,  0.00282% ,3946.0,  0.121% ,2947.0,  0.117% 
 ,337.0, Gallade            ,  0.00280% ,11258.0,  0.346% ,8135.0,  0.322% 
 ,338.0, Solrock            ,  0.00273% ,751.0,  0.023% ,591.0,  0.023% 
 ,339.0, Piloswine          ,  0.00273% ,1438.0,  0.044% ,1194.0,  0.047% 
 ,340.0, Basculin           ,  0.00271% ,1533.0,  0.047% ,1168.0,  0.046% 
 ,341.0, Kangaskhan         ,  0.00269% ,2277.0,  0.070% ,1729.0,  0.068% 
 ,342.0, Crustle            ,  0.00267% ,4053.0,  0.124% ,2956.0,  0.117% 
 ,343.0, Duosion            ,  0.00264% ,330.0,  0.010% ,229.0,  0.009% 
 ,344.0, Turtonator         ,  0.00261% ,5738.0,  0.176% ,4182.0,  0.165% 
 ,345.0, Corsola            ,  0.00261% ,764.0,  0.023% ,605.0,  0.024% 
 ,346.0, Rolycoly           ,  0.00251% ,12.0,  0.000% ,11.0,  0.000% 
 ,347.0, Sandslash          ,  0.00233% ,2172.0,  0.067% ,1732.0,  0.068% 
 ,348.0, Natu               ,  0.00230% ,165.0,  0.005% ,129.0,  0.005% 
 ,349.0, Stunfisk-Galar     ,  0.00225% ,1312.0,  0.040% ,1038.0,  0.041% 
 ,350.0, Carbink            ,  0.00207% ,2096.0,  0.064% ,1746.0,  0.069% 
 ,351.0, Rhydon             ,  0.00207% ,3135.0,  0.096% ,2473.0,  0.098% 
 ,352.0, Wishiwashi         ,  0.00200% ,1947.0,  0.060% ,1443.0,  0.057% 
 ,353.0, Silvally-Fairy     ,  0.00187% ,1432.0,  0.044% ,1018.0,  0.040% 
 ,354.0, Qwilfish           ,  0.00185% ,2162.0,  0.066% ,1735.0,  0.069% 
 ,355.0, Mr. Mime           ,  0.00185% ,2985.0,  0.092% ,2254.0,  0.089% 
 ,356.0, Falinks            ,  0.00183% ,3748.0,  0.115% ,2639.0,  0.104% 
 ,357.0, Glaceon            ,  0.00179% ,5957.0,  0.183% ,4349.0,  0.172% 
 ,358.0, Miltank            ,  0.00178% ,5746.0,  0.176% ,4153.0,  0.164% 
 ,359.0, Dugtrio            ,  0.00175% ,3670.0,  0.113% ,2994.0,  0.118% 
 ,360.0, Cosmoem            ,  0.00168% ,142.0,  0.004% ,108.0,  0.004% 
 ,361.0, Magnemite          ,  0.00146% ,915.0,  0.028% ,634.0,  0.025% 
 ,362.0, Marowak            ,  0.00145% ,2300.0,  0.071% ,1766.0,  0.070% 
 ,363.0, Relicanth          ,  0.00142% ,1192.0,  0.037% ,930.0,  0.037% 
 ,364.0, Silvally-Ground    ,  0.00142% ,1756.0,  0.054% ,1449.0,  0.057% 
 ,365.0, Lilligant          ,  0.00128% ,2882.0,  0.089% ,2033.0,  0.080% 
 ,366.0, Charmander         ,  0.00126% ,981.0,  0.030% ,550.0,  0.022% 
 ,367.0, Mr. Mime-Galar     ,  0.00125% ,2121.0,  0.065% ,1503.0,  0.059% 
 ,368.0, Silvally-Fire      ,  0.00118% ,659.0,  0.020% ,494.0,  0.020% 
 ,369.0, Greedent           ,  0.00115% ,2819.0,  0.087% ,2177.0,  0.086% 
 ,370.0, Heatmor            ,  0.00114% ,1012.0,  0.031% ,751.0,  0.030% 
 ,371.0, Dugtrio-Alola      ,  0.00108% ,1664.0,  0.051% ,1218.0,  0.048% 
 ,372.0, Cherrim            ,  0.00105% ,512.0,  0.016% ,342.0,  0.014% 
 ,373.0, Dunsparce          ,  0.00104% ,2380.0,  0.073% ,1808.0,  0.071% 
 ,374.0, Psyduck            ,  0.00100% ,159.0,  0.005% ,127.0,  0.005% 
 ,375.0, Seaking            ,  0.00099% ,1920.0,  0.059% ,1463.0,  0.058% 
 ,376.0, Lairon             ,  0.00098% ,546.0,  0.017% ,445.0,  0.018% 
 ,377.0, Wobbuffet          ,  0.00097% ,2607.0,  0.080% ,1965.0,  0.078% 
 ,378.0, Vullaby            ,  0.00096% ,468.0,  0.014% ,389.0,  0.015% 
 ,379.0, Mareanie           ,  0.00096% ,171.0,  0.005% ,138.0,  0.005% 
 ,380.0, Lombre             ,  0.00096% ,82.0,  0.003% ,62.0,  0.002% 
 ,381.0, Lotad              ,  0.00096% ,25.0,  0.001% ,20.0,  0.001% 
 ,382.0, Rapidash           ,  0.00094% ,1931.0,  0.059% ,1399.0,  0.055% 
 ,383.0, Aron               ,  0.00090% ,3850.0,  0.118% ,3102.0,  0.123% 
 ,384.0, Bellossom          ,  0.00086% ,2219.0,  0.068% ,1542.0,  0.061% 
 ,385.0, Magmar             ,  0.00084% ,813.0,  0.025% ,613.0,  0.024% 
 ,386.0, Stunky             ,  0.00078% ,27.0,  0.001% ,23.0,  0.001% 
 ,387.0, Combusken          ,  0.00077% ,322.0,  0.010% ,232.0,  0.009% 
 ,388.0, Carracosta         ,  0.00077% ,3218.0,  0.099% ,2304.0,  0.091% 
 ,389.0, Meowstic           ,  0.00075% ,5044.0,  0.155% ,4023.0,  0.159% 
 ,390.0, Passimian          ,  0.00075% ,1738.0,  0.053% ,1310.0,  0.052% 
 ,391.0, Vespiquen          ,  0.00075% ,1607.0,  0.049% ,1146.0,  0.045% 
 ,392.0, Caterpie           ,  0.00073% ,292.0,  0.009% ,251.0,  0.010% 
 ,393.0, Drizzile           ,  0.00067% ,151.0,  0.005% ,110.0,  0.004% 
 ,394.0, Flareon            ,  0.00064% ,5914.0,  0.182% ,4506.0,  0.178% 
 ,395.0, Farfetch'd-Galar   ,  0.00064% ,1033.0,  0.032% ,748.0,  0.030% 
 ,396.0, Dedenne            ,  0.00063% ,2646.0,  0.081% ,1898.0,  0.075% 
 ,397.0, Swirlix            ,  0.00061% ,3493.0,  0.107% ,3349.0,  0.132% 
 ,398.0, Sudowoodo          ,  0.00060% ,1479.0,  0.045% ,1075.0,  0.043% 
 ,399.0, Wartortle          ,  0.00059% ,1746.0,  0.054% ,1461.0,  0.058% 
 ,400.0, Morelull           ,  0.00058% ,46.0,  0.001% ,38.0,  0.002% 
 ,401.0, Lickitung          ,  0.00058% ,309.0,  0.009% ,215.0,  0.009% 
 ,402.0, Gloom              ,  0.00057% ,475.0,  0.015% ,385.0,  0.015% 
 ,403.0, Poipole            ,  0.00053% ,218.0,  0.007% ,159.0,  0.006% 
 ,404.0, Sneasel            ,  0.00053% ,467.0,  0.014% ,355.0,  0.014% 
 ,405.0, Carkol             ,  0.00052% ,372.0,  0.011% ,312.0,  0.012% 
 ,406.0, Luxio              ,  0.00052% ,59.0,  0.002% ,51.0,  0.002% 
 ,407.0, Oranguru           ,  0.00052% ,775.0,  0.024% ,574.0,  0.023% 
 ,408.0, Silvally-Ghost     ,  0.00050% ,525.0,  0.016% ,349.0,  0.014% 
 ,409.0, Haunter            ,  0.00050% ,1416.0,  0.043% ,1085.0,  0.043% 
 ,410.0, Delibird           ,  0.00050% ,804.0,  0.025% ,646.0,  0.026% 
 ,411.0, Rotom-Fan          ,  0.00048% ,1010.0,  0.031% ,824.0,  0.033% 
 ,412.0, Jigglypuff         ,  0.00047% ,241.0,  0.007% ,212.0,  0.008% 
 ,413.0, Lickilicky         ,  0.00047% ,1826.0,  0.056% ,1379.0,  0.055% 
 ,414.0, Sawk               ,  0.00040% ,2214.0,  0.068% ,1642.0,  0.065% 
 ,415.0, Emolga             ,  0.00038% ,3310.0,  0.102% ,2578.0,  0.102% 
 ,416.0, Hitmonchan         ,  0.00038% ,2979.0,  0.091% ,2310.0,  0.091% 
 ,417.0, Riolu              ,  0.00038% ,1378.0,  0.042% ,933.0,  0.037% 
 ,418.0, Silvally-Dark      ,  0.00037% ,387.0,  0.012% ,289.0,  0.011% 
 ,419.0, Silvally-Water     ,  0.00035% ,459.0,  0.014% ,347.0,  0.014% 
 ,420.0, Bronzor            ,  0.00034% ,226.0,  0.007% ,200.0,  0.008% 
 ,421.0, Rotom              ,  0.00034% ,1230.0,  0.038% ,957.0,  0.038% 
 ,422.0, Rufflet            ,  0.00033% ,66.0,  0.002% ,46.0,  0.002% 
 ,423.0, Porygon            ,  0.00027% ,355.0,  0.011% ,320.0,  0.013% 
 ,424.0, Mawile             ,  0.00027% ,2172.0,  0.067% ,1575.0,  0.062% 
 ,425.0, Trubbish           ,  0.00027% ,329.0,  0.010% ,258.0,  0.010% 
 ,426.0, Shelgon            ,  0.00026% ,255.0,  0.008% ,191.0,  0.008% 
 ,427.0, Corphish           ,  0.00025% ,108.0,  0.003% ,77.0,  0.003% 
 ,428.0, Charmeleon         ,  0.00025% ,307.0,  0.009% ,224.0,  0.009% 
 ,429.0, Octillery          ,  0.00024% ,1103.0,  0.034% ,849.0,  0.034% 
 ,430.0, Golbat             ,  0.00024% ,1345.0,  0.041% ,1037.0,  0.041% 
 ,431.0, Togetic            ,  0.00024% ,802.0,  0.025% ,607.0,  0.024% 
 ,432.0, Musharna           ,  0.00023% ,1095.0,  0.034% ,796.0,  0.031% 
 ,433.0, Clefairy           ,  0.00023% ,805.0,  0.025% ,545.0,  0.022% 
 ,434.0, Nidorina           ,  0.00021% ,56.0,  0.002% ,47.0,  0.002% 
 ,435.0, Persian            ,  0.00021% ,1545.0,  0.047% ,1251.0,  0.049% 
 ,436.0, Shelmet            ,  0.00020% ,117.0,  0.004% ,88.0,  0.003% 
 ,437.0, Stonjourner        ,  0.00018% ,1234.0,  0.038% ,908.0,  0.036% 
 ,438.0, Perrserker         ,  0.00018% ,1810.0,  0.056% ,1330.0,  0.053% 
 ,439.0, Munchlax           ,  0.00018% ,349.0,  0.011% ,291.0,  0.012% 
 ,440.0, Slowpoke           ,  0.00018% ,170.0,  0.005% ,144.0,  0.006% 
 ,441.0, Silvally-Poison    ,  0.00017% ,348.0,  0.011% ,264.0,  0.010% 
 ,442.0, Palpitoad          ,  0.00017% ,231.0,  0.007% ,187.0,  0.007% 
 ,443.0, Ferroseed          ,  0.00016% ,853.0,  0.026% ,695.0,  0.027% 
 ,444.0, Diglett            ,  0.00015% ,180.0,  0.006% ,144.0,  0.006% 
 ,445.0, Unfezant           ,  0.00015% ,2384.0,  0.073% ,1596.0,  0.063% 
 ,446.0, Cottonee           ,  0.00013% ,1178.0,  0.036% ,964.0,  0.038% 
 ,447.0, Skuntank           ,  0.00013% ,2169.0,  0.067% ,1587.0,  0.063% 
 ,448.0, Roggenrola         ,  0.00013% ,499.0,  0.015% ,349.0,  0.014% 
 ,449.0, Morgrem            ,  0.00012% ,107.0,  0.003% ,87.0,  0.003% 
 ,450.0, Metapod            ,  0.00012% ,156.0,  0.005% ,130.0,  0.005% 
 ,451.0, Magikarp           ,  0.00012% ,792.0,  0.024% ,635.0,  0.025% 
 ,452.0, Drifloon           ,  0.00011% ,150.0,  0.005% ,111.0,  0.004% 
 ,453.0, Silvally-Steel     ,  0.00011% ,776.0,  0.024% ,607.0,  0.024% 
 ,454.0, Gurdurr            ,  0.00011% ,649.0,  0.020% ,488.0,  0.019% 
 ,455.0, Brionne            ,  0.00008% ,111.0,  0.003% ,80.0,  0.003% 
 ,456.0, Silvally-Rock      ,  0.00008% ,109.0,  0.003% ,87.0,  0.003% 
 ,457.0, Gible              ,  0.00008% ,226.0,  0.007% ,201.0,  0.008% 
 ,458.0, Pinsir             ,  0.00008% ,1512.0,  0.046% ,1093.0,  0.043% 
 ,459.0, Linoone-Galar      ,  0.00007% ,140.0,  0.004% ,117.0,  0.005% 
 ,460.0, Pawniard           ,  0.00007% ,120.0,  0.004% ,99.0,  0.004% 
 ,461.0, Wooper             ,  0.00007% ,544.0,  0.017% ,409.0,  0.016% 
 ,462.0, Lileep             ,  0.00007% ,126.0,  0.004% ,103.0,  0.004% 
 ,463.0, Silvally-Electric  ,  0.00007% ,558.0,  0.017% ,426.0,  0.017% 
 ,464.0, Bunnelby           ,  0.00006% ,360.0,  0.011% ,241.0,  0.010% 
 ,465.0, Whirlipede         ,  0.00006% ,202.0,  0.006% ,168.0,  0.007% 
 ,466.0, Ralts              ,  0.00005% ,206.0,  0.006% ,151.0,  0.006% 
 ,467.0, Grovyle            ,  0.00005% ,140.0,  0.004% ,96.0,  0.004% 
 ,468.0, Gastly             ,  0.00005% ,248.0,  0.008% ,192.0,  0.008% 
 ,469.0, Silvally-Flying    ,  0.00005% ,382.0,  0.012% ,288.0,  0.011% 
 ,470.0, Dottler            ,  0.00005% ,399.0,  0.012% ,346.0,  0.014% 
 ,471.0, Silvally-Dragon    ,  0.00004% ,480.0,  0.015% ,360.0,  0.014% 
 ,472.0, Shellos            ,  0.00004% ,120.0,  0.004% ,75.0,  0.003% 
 ,473.0, Machoke            ,  0.00004% ,368.0,  0.011% ,275.0,  0.011% 
 ,474.0, Fraxure            ,  0.00004% ,191.0,  0.006% ,133.0,  0.005% 
 ,475.0, Metang             ,  0.00004% ,199.0,  0.006% ,154.0,  0.006% 
 ,476.0, Cutiefly           ,  0.00004% ,116.0,  0.004% ,95.0,  0.004% 
 ,477.0, Larvitar           ,  0.00003% ,120.0,  0.004% ,99.0,  0.004% 
 ,478.0, Klang              ,  0.00003% ,131.0,  0.004% ,98.0,  0.004% 
 ,479.0, Gourgeist          ,  0.00003% ,486.0,  0.015% ,383.0,  0.015% 
 ,480.0, Sliggoo            ,  0.00003% ,173.0,  0.005% ,123.0,  0.005% 
 ,481.0, Snom               ,  0.00003% ,242.0,  0.007% ,177.0,  0.007% 
 ,482.0, Zweilous           ,  0.00003% ,208.0,  0.006% ,156.0,  0.006% 
 ,483.0, Hippopotas         ,  0.00003% ,373.0,  0.011% ,319.0,  0.013% 
 ,484.0, Marshtomp          ,  0.00003% ,478.0,  0.015% ,387.0,  0.015% 
 ,485.0, Dragonair          ,  0.00003% ,570.0,  0.018% ,449.0,  0.018% 
 ,486.0, Kubfu              ,  0.00002% ,61.0,  0.002% ,47.0,  0.002% 
 ,487.0, Electabuzz         ,  0.00002% ,408.0,  0.013% ,313.0,  0.012% 
 ,488.0, Trapinch           ,  0.00002% ,258.0,  0.008% ,196.0,  0.008% 
 ,489.0, Onix               ,  0.00002% ,1012.0,  0.031% ,819.0,  0.032% 
 ,490.0, Dwebble            ,  0.00002% ,218.0,  0.007% ,178.0,  0.007% 
 ,491.0, Silvally-Ice       ,  0.00002% ,316.0,  0.010% ,222.0,  0.009% 
 ,492.0, Kadabra            ,  0.00002% ,387.0,  0.012% ,301.0,  0.012% 
 ,493.0, Drilbur            ,  0.00001% ,69.0,  0.002% ,59.0,  0.002% 
 ,494.0, Goldeen            ,  0.00001% ,35.0,  0.001% ,31.0,  0.001% 
 ,495.0, Oddish             ,  0.00001% ,42.0,  0.001% ,30.0,  0.001% 
 ,496.0, Pichu              ,  0.00001% ,268.0,  0.008% ,229.0,  0.009% 
 ,497.0, Silvally-Grass     ,  0.00001% ,278.0,  0.009% ,197.0,  0.008% 
 ,498.0, Bulbasaur          ,  0.00001% ,476.0,  0.015% ,390.0,  0.015% 
 ,499.0, Rowlet             ,  0.00001% ,186.0,  0.006% ,146.0,  0.006% 
 ,500.0, Darumaka-Galar     ,  0.00001% ,54.0,  0.002% ,37.0,  0.001% 
 ,501.0, Koffing            ,  0.00001% ,245.0,  0.008% ,213.0,  0.008% 
 ,502.0, Gothorita          ,  0.00001% ,55.0,  0.002% ,36.0,  0.001% 
 ,503.0, Wooloo             ,  0.00001% ,99.0,  0.003% ,75.0,  0.003% 
 ,504.0, Squirtle           ,  0.00001% ,476.0,  0.015% ,396.0,  0.016% 
 ,505.0, Glalie             ,  0.00001% ,670.0,  0.021% ,466.0,  0.018% 
 ,506.0, Sandshrew          ,  0.00001% ,82.0,  0.003% ,61.0,  0.002% 
 ,507.0, Inkay              ,  0.00001% ,99.0,  0.003% ,57.0,  0.002% 
 ,508.0, Buneary            ,  0.00001% ,263.0,  0.008% ,158.0,  0.006% 
 ,509.0, Golett             ,  0.00001% ,53.0,  0.002% ,40.0,  0.002% 
 ,510.0, Abra               ,  0.00001% ,290.0,  0.009% ,213.0,  0.008% 
 ,511.0, Eevee              ,  0.00001% ,898.0,  0.028% ,643.0,  0.025% 
 ,512.0, NidoranM           ,  0.00001% ,34.0,  0.001% ,32.0,  0.001% 
 ,513.0, Carvanha           ,  0.00001% ,65.0,  0.002% ,55.0,  0.002% 
 ,514.0, Sealeo             ,  0.00001% ,176.0,  0.005% ,149.0,  0.006% 
 ,515.0, Swinub             ,  0.00001% ,131.0,  0.004% ,100.0,  0.004% 
 ,516.0, Pupitar            ,  0.00001% ,44.0,  0.001% ,38.0,  0.002% 
 ,517.0, Roselia            ,  0.00001% ,190.0,  0.006% ,156.0,  0.006% 
 ,518.0, Budew              ,  0.00001% ,13.0,  0.000% ,11.0,  0.000% 
 ,519.0, Mantyke            ,  0.00001% ,97.0,  0.003% ,89.0,  0.004% 
 ,520.0, Cubone             ,  0.00001% ,179.0,  0.005% ,152.0,  0.006% 
 ,521.0, Tirtouga           ,  0.00001% ,134.0,  0.004% ,97.0,  0.004% 
 ,522.0, Woobat             ,  0.00000% ,81.0,  0.002% ,64.0,  0.003% 
 ,523.0, Ivysaur            ,  0.00000% ,299.0,  0.009% ,222.0,  0.009% 
 ,524.0, Vulpix             ,  0.00000% ,120.0,  0.004% ,111.0,  0.004% 
 ,525.0, Meltan             ,  0.00000% ,100.0,  0.003% ,67.0,  0.003% 
 ,526.0, Steenee            ,  0.00000% ,27.0,  0.001% ,23.0,  0.001% 
 ,527.0, Snorunt            ,  0.00000% ,21.0,  0.001% ,17.0,  0.001% 
 ,528.0, Drakloak           ,  0.00000% ,159.0,  0.005% ,110.0,  0.004% 
 ,529.0, Vibrava            ,  0.00000% ,32.0,  0.001% ,25.0,  0.001% 
 ,530.0, Solosis            ,  0.00000% ,269.0,  0.008% ,191.0,  0.008% 
 ,531.0, Bounsweet          ,  0.00000% ,40.0,  0.001% ,25.0,  0.001% 
 ,532.0, Sizzlipede         ,  0.00000% ,22.0,  0.001% ,12.0,  0.000% 
 ,533.0, Chinchou           ,  0.00000% ,96.0,  0.003% ,78.0,  0.003% 
 ,534.0, Exeggcute          ,  0.00000% ,102.0,  0.003% ,76.0,  0.003% 
 ,535.0, Purrloin           ,  0.00000% ,133.0,  0.004% ,94.0,  0.004% 
 ,536.0, Dartrix            ,  0.00000% ,138.0,  0.004% ,116.0,  0.005% 
 ,537.0, Meowth             ,  0.00000% ,115.0,  0.004% ,85.0,  0.003% 
 ,538.0, Poliwhirl          ,  0.00000% ,122.0,  0.004% ,88.0,  0.003% 
 ,539.0, Salandit           ,  0.00000% ,183.0,  0.006% ,151.0,  0.006% 
 ,540.0, Yamask-Galar       ,  0.00000% ,94.0,  0.003% ,68.0,  0.003% 
 ,541.0, Darumaka           ,  0.00000% ,91.0,  0.003% ,72.0,  0.003% 
 ,542.0, Clobbopus          ,  0.00000% ,58.0,  0.002% ,48.0,  0.002% 
 ,543.0, Silicobra          ,  0.00000% ,125.0,  0.004% ,99.0,  0.004% 
 ,544.0, Hattrem            ,  0.00000% ,242.0,  0.007% ,170.0,  0.007% 
 ,545.0, Gabite             ,  0.00000% ,196.0,  0.006% ,148.0,  0.006% 
 ,546.0, Grookey            ,  0.00000% ,206.0,  0.006% ,149.0,  0.006% 
 ,547.0, Meowth-Alola       ,  0.00000% ,39.0,  0.001% ,29.0,  0.001% 
 ,548.0, Gothita            ,  0.00000% ,6.0,  0.000% ,5.0,  0.000% 
 ,549.0, Beldum             ,  0.00000% ,101.0,  0.003% ,85.0,  0.003% 
 ,550.0, Zorua              ,  0.00000% ,175.0,  0.005% ,58.0,  0.002% 
 ,551.0, Archen             ,  0.00000% ,186.0,  0.006% ,127.0,  0.005% 
 ,552.0, Noibat             ,  0.00000% ,40.0,  0.001% ,16.0,  0.001% 
 ,553.0, Smoochum           ,  0.00000% ,67.0,  0.002% ,52.0,  0.002% 
 ,554.0, Jangmo-o           ,  0.00000% ,66.0,  0.002% ,55.0,  0.002% 
 ,555.0, Pidove             ,  0.00000% ,43.0,  0.001% ,36.0,  0.001% 
 ,556.0, Gourgeist-Large    ,  0.00000% ,213.0,  0.007% ,165.0,  0.007% 
 ,557.0, Pumpkaboo-Super    ,  0.00000% ,53.0,  0.002% ,41.0,  0.002% 
 ,558.0, Tyrunt             ,  0.00000% ,100.0,  0.003% ,65.0,  0.003% 
 ,559.0, Zigzagoon          ,  0.00000% ,234.0,  0.007% ,154.0,  0.006% 
 ,560.0, Mienfoo            ,  0.00000% ,40.0,  0.001% ,31.0,  0.001% 
 ,561.0, Boldore            ,  0.00000% ,263.0,  0.008% ,218.0,  0.009% 
 ,562.0, Poliwag            ,  0.00000% ,24.0,  0.001% ,19.0,  0.001% 
 ,563.0, Nidorino           ,  0.00000% ,108.0,  0.003% ,99.0,  0.004% 
 ,564.0, Omanyte            ,  0.00000% ,82.0,  0.003% ,68.0,  0.003% 
 ,565.0, Pancham            ,  0.00000% ,68.0,  0.002% ,50.0,  0.002% 
 ,566.0, Karrablast         ,  0.00000% ,29.0,  0.001% ,21.0,  0.001% 
 ,567.0, Slowpoke-Galar     ,  0.00000% ,43.0,  0.001% ,25.0,  0.001% 
 ,568.0, Litten             ,  0.00000% ,169.0,  0.005% ,137.0,  0.005% 
 ,569.0, Zigzagoon-Galar    ,  0.00000% ,67.0,  0.002% ,50.0,  0.002% 
 ,570.0, Treecko            ,  0.00000% ,351.0,  0.011% ,260.0,  0.010% 
 ,571.0, Elekid             ,  0.00000% ,76.0,  0.002% ,55.0,  0.002% 
 ,572.0, Wailmer            ,  0.00000% ,85.0,  0.003% ,57.0,  0.002% 
 ,573.0, Ponyta             ,  0.00000% ,80.0,  0.002% ,69.0,  0.003% 
 ,574.0, Gourgeist-Small    ,  0.00000% ,586.0,  0.018% ,491.0,  0.019% 
 ,575.0, Igglybuff          ,  0.00000% ,40.0,  0.001% ,26.0,  0.001% 
 ,576.0, Fletchinder        ,  0.00000% ,119.0,  0.004% ,84.0,  0.003% 
 ,577.0, Wimpod             ,  0.00000% ,46.0,  0.001% ,39.0,  0.002% 
 ,578.0, Growlithe          ,  0.00000% ,47.0,  0.001% ,40.0,  0.002% 
 ,579.0, Cosmog             ,  0.00000% ,21.0,  0.001% ,14.0,  0.001% 
 ,580.0, Bonsly             ,  0.00000% ,171.0,  0.005% ,144.0,  0.006% 
 ,581.0, Torracat           ,  0.00000% ,161.0,  0.005% ,129.0,  0.005% 
 ,582.0, Togepi             ,  0.00000% ,144.0,  0.004% ,105.0,  0.004% 
 ,583.0, Scorbunny          ,  0.00000% ,300.0,  0.009% ,195.0,  0.008% 
 ,584.0, Marill             ,  0.00000% ,104.0,  0.003% ,80.0,  0.003% 
 ,585.0, Axew               ,  0.00000% ,59.0,  0.002% ,43.0,  0.002% 
 ,586.0, Mime Jr.           ,  0.00000% ,65.0,  0.002% ,54.0,  0.002% 
 ,587.0, Tyrogue            ,  0.00000% ,43.0,  0.001% ,35.0,  0.001% 
 ,588.0, Loudred            ,  0.00000% ,112.0,  0.003% ,81.0,  0.003% 
 ,589.0, Nuzleaf            ,  0.00000% ,32.0,  0.001% ,25.0,  0.001% 
 ,590.0, Applin             ,  0.00000% ,39.0,  0.001% ,35.0,  0.001% 
 ,591.0, Silvally-Fighting  ,  0.00000% ,167.0,  0.005% ,113.0,  0.004% 
 ,592.0, Sandile            ,  0.00000% ,44.0,  0.001% ,34.0,  0.001% 
 ,593.0, Mudbray            ,  0.00000% ,93.0,  0.003% ,78.0,  0.003% 
 ,594.0, Tentacool          ,  0.00000% ,35.0,  0.001% ,32.0,  0.001% 
 ,595.0, Goomy              ,  0.00000% ,46.0,  0.001% ,33.0,  0.001% 
 ,596.0, Tranquill          ,  0.00000% ,81.0,  0.002% ,46.0,  0.002% 
 ,597.0, Mudkip             ,  0.00000% ,161.0,  0.005% ,132.0,  0.005% 
 ,598.0, Krokorok           ,  0.00000% ,97.0,  0.003% ,75.0,  0.003% 
 ,599.0, Cubchoo            ,  0.00000% ,34.0,  0.001% ,28.0,  0.001% 
 ,600.0, Corvisquire        ,  0.00000% ,59.0,  0.002% ,43.0,  0.002% 
 ,601.0, Silvally-Bug       ,  0.00000% ,151.0,  0.005% ,108.0,  0.004% 
 ,602.0, Foongus            ,  0.00000% ,134.0,  0.004% ,99.0,  0.004% 
 ,603.0, Kabuto             ,  0.00000% ,42.0,  0.001% ,30.0,  0.001% 
 ,604.0, Frillish           ,  0.00000% ,52.0,  0.002% ,41.0,  0.002% 
 ,605.0, Vanillite          ,  0.00000% ,39.0,  0.001% ,30.0,  0.001% 
 ,606.0, Vulpix-Alola       ,  0.00000% ,121.0,  0.004% ,90.0,  0.004% 
 ,607.0, Nickit             ,  0.00000% ,25.0,  0.001% ,21.0,  0.001% 
 ,608.0, Grubbin            ,  0.00000% ,69.0,  0.002% ,63.0,  0.002% 
 ,609.0, Cherubi            ,  0.00000% ,41.0,  0.001% ,28.0,  0.001% 
 ,610.0, Duskull            ,  0.00000% ,64.0,  0.002% ,52.0,  0.002% 
 ,611.0, Wynaut             ,  0.00000% ,247.0,  0.008% ,170.0,  0.007% 
 ,612.0, Zubat              ,  0.00000% ,166.0,  0.005% ,117.0,  0.005% 
 ,613.0, Dewpider           ,  0.00000% ,90.0,  0.003% ,78.0,  0.003% 
 ,614.0, Krabby             ,  0.00000% ,161.0,  0.005% ,103.0,  0.004% 
 ,615.0, Blipbug            ,  0.00000% ,65.0,  0.002% ,60.0,  0.002% 
 ,616.0, Espurr             ,  0.00000% ,70.0,  0.002% ,40.0,  0.002% 
 ,617.0, Larvesta           ,  0.00000% ,71.0,  0.002% ,56.0,  0.002% 
 ,618.0, NidoranF           ,  0.00000% ,29.0,  0.001% ,27.0,  0.001% 
 ,619.0, Vanillish          ,  0.00000% ,36.0,  0.001% ,29.0,  0.001% 
 ,620.0, Dreepy             ,  0.00000% ,31.0,  0.001% ,27.0,  0.001% 
 ,621.0, Hatenna            ,  0.00000% ,13.0,  0.000% ,10.0,  0.000% 
 ,622.0, Stufful            ,  0.00000% ,27.0,  0.001% ,22.0,  0.001% 
 ,623.0, Nincada            ,  0.00000% ,52.0,  0.002% ,41.0,  0.002% 
 ,624.0, Azurill            ,  0.00000% ,69.0,  0.002% ,56.0,  0.002% 
 ,625.0, Feebas             ,  0.00000% ,78.0,  0.002% ,56.0,  0.002% 
 ,626.0, Pumpkaboo          ,  0.00000% ,25.0,  0.001% ,21.0,  0.001% 
 ,627.0, Phantump           ,  0.00000% ,88.0,  0.003% ,51.0,  0.002% 
 ,628.0, Joltik             ,  0.00000% ,52.0,  0.002% ,45.0,  0.002% 
 ,629.0, Sandshrew-Alola    ,  0.00000% ,107.0,  0.003% ,62.0,  0.002% 
 ,630.0, Anorith            ,  0.00000% ,27.0,  0.001% ,22.0,  0.001% 
 ,631.0, Snover             ,  0.00000% ,49.0,  0.002% ,36.0,  0.001% 
 ,632.0, Scraggy            ,  0.00000% ,43.0,  0.001% ,35.0,  0.001% 
 ,633.0, Litwick            ,  0.00000% ,37.0,  0.001% ,33.0,  0.001% 
 ,634.0, Silvally-Psychic   ,  0.00000% ,62.0,  0.002% ,46.0,  0.002% 
 ,635.0, Baltoy             ,  0.00000% ,22.0,  0.001% ,21.0,  0.001% 
 ,636.0, Hakamo-o           ,  0.00000% ,109.0,  0.003% ,62.0,  0.002% 
 ,637.0, Impidimp           ,  0.00000% ,51.0,  0.002% ,42.0,  0.002% 
 ,638.0, Skorupi            ,  0.00000% ,31.0,  0.001% ,20.0,  0.001% 
 ,639.0, Minccino           ,  0.00000% ,30.0,  0.001% ,16.0,  0.001% 
 ,640.0, Sobble             ,  0.00000% ,114.0,  0.004% ,74.0,  0.003% 
 ,641.0, Shinx              ,  0.00000% ,76.0,  0.002% ,59.0,  0.002% 
 ,642.0, Kirlia             ,  0.00000% ,55.0,  0.002% ,39.0,  0.002% 
 ,643.0, Cufant             ,  0.00000% ,26.0,  0.001% ,18.0,  0.001% 
 ,644.0, Rhyhorn            ,  0.00000% ,26.0,  0.001% ,22.0,  0.001% 
 ,645.0, Combee             ,  0.00000% ,33.0,  0.001% ,27.0,  0.001% 
 ,646.0, Milcery            ,  0.00000% ,38.0,  0.001% ,21.0,  0.001% 
 ,647.0, Elgyem             ,  0.00000% ,62.0,  0.002% ,52.0,  0.002% 
 ,648.0, Rookidee           ,  0.00000% ,49.0,  0.002% ,42.0,  0.002% 
 ,649.0, Rockruff           ,  0.00000% ,65.0,  0.002% ,38.0,  0.002% 
 ,650.0, Electrike          ,  0.00000% ,52.0,  0.002% ,36.0,  0.001% 
 ,651.0, Magby              ,  0.00000% ,57.0,  0.002% ,47.0,  0.002% 
 ,652.0, Spritzee           ,  0.00000% ,89.0,  0.003% ,62.0,  0.002% 
 ,653.0, Bagon              ,  0.00000% ,52.0,  0.002% ,41.0,  0.002% 
 ,654.0, Honedge            ,  0.00000% ,54.0,  0.002% ,40.0,  0.002% 
 ,655.0, Cleffa             ,  0.00000% ,121.0,  0.004% ,103.0,  0.004% 
 ,656.0, Skwovet            ,  0.00000% ,18.0,  0.001% ,13.0,  0.001% 
 ,657.0, Remoraid           ,  0.00000% ,26.0,  0.001% ,18.0,  0.001% 
 ,658.0, Chewtle            ,  0.00000% ,19.0,  0.001% ,13.0,  0.001% 
 ,659.0, Venipede           ,  0.00000% ,88.0,  0.003% ,69.0,  0.003% 
 ,660.0, Popplio            ,  0.00000% ,29.0,  0.001% ,23.0,  0.001% 
 ,661.0, Happiny            ,  0.00000% ,56.0,  0.002% ,42.0,  0.002% 
 ,662.0, Toxel              ,  0.00000% ,45.0,  0.001% ,42.0,  0.002% 
 ,663.0, Ponyta-Galar       ,  0.00000% ,37.0,  0.001% ,27.0,  0.001% 
 ,664.0, Herdier            ,  0.00000% ,92.0,  0.003% ,72.0,  0.003% 
 ,665.0, Seedot             ,  0.00000% ,42.0,  0.001% ,34.0,  0.001% 
 ,666.0, Diglett-Alola      ,  0.00000% ,44.0,  0.001% ,37.0,  0.001% 
 ,667.0, Yamper             ,  0.00000% ,81.0,  0.002% ,60.0,  0.002% 
 ,668.0, Deino              ,  0.00000% ,13.0,  0.000% ,11.0,  0.000% 
 ,669.0, Torchic            ,  0.00000% ,78.0,  0.002% ,61.0,  0.002% 
 ,670.0, Machop             ,  0.00000% ,32.0,  0.001% ,26.0,  0.001% 
 ,671.0, Amaura             ,  0.00000% ,30.0,  0.001% ,27.0,  0.001% 
 ,672.0, Munna              ,  0.00000% ,13.0,  0.000% ,10.0,  0.000% 
 ,673.0, Staryu             ,  0.00000% ,80.0,  0.002% ,65.0,  0.003% 
 ,674.0, Timburr            ,  0.00000% ,15.0,  0.000% ,11.0,  0.000% 
 ,675.0, Spheal             ,  0.00000% ,94.0,  0.003% ,72.0,  0.003% 
 ,676.0, Croagunk           ,  0.00000% ,58.0,  0.002% ,54.0,  0.002% 
 ,677.0, Petilil            ,  0.00000% ,46.0,  0.001% ,34.0,  0.001% 
 ,678.0, Dratini            ,  0.00000% ,35.0,  0.001% ,30.0,  0.001% 
 ,679.0, Helioptile         ,  0.00000% ,23.0,  0.001% ,21.0,  0.001% 
 ,680.0, Lampent            ,  0.00000% ,78.0,  0.002% ,71.0,  0.003% 
 ,681.0, Arrokuda           ,  0.00000% ,16.0,  0.000% ,13.0,  0.001% 
 ,682.0, Lillipup           ,  0.00000% ,4.0,  0.000% ,4.0,  0.000% 
 ,683.0, Skrelp             ,  0.00000% ,4.0,  0.000% ,2.0,  0.000% 
 ,684.0, Bergmite           ,  0.00000% ,24.0,  0.001% ,16.0,  0.001% 
 ,685.0, Sandygast          ,  0.00000% ,42.0,  0.001% ,32.0,  0.001% 
 ,686.0, Fletchling         ,  0.00000% ,11.0,  0.000% ,11.0,  0.000% 
 ,687.0, Wingull            ,  0.00000% ,46.0,  0.001% ,29.0,  0.001% 
 ,688.0, Tympole            ,  0.00000% ,8.0,  0.000% ,4.0,  0.000% 
 ,689.0, Barboach           ,  0.00000% ,22.0,  0.001% ,20.0,  0.001% 
 ,690.0, Klink              ,  0.00000% ,8.0,  0.000% ,5.0,  0.000% 
 ,691.0, Meowth-Galar       ,  0.00000% ,11.0,  0.000% ,7.0,  0.000% 
 ,692.0, Clauncher          ,  0.00000% ,25.0,  0.001% ,16.0,  0.001% 
 ,693.0, Hoothoot           ,  0.00000% ,18.0,  0.001% ,17.0,  0.001% 
 ,694.0, Swablu             ,  0.00000% ,36.0,  0.001% ,28.0,  0.001% 
 ,695.0, Pumpkaboo-Small    ,  0.00000% ,5.0,  0.000% ,4.0,  0.000% 
 ,696.0, Gossifleur         ,  0.00000% ,46.0,  0.001% ,20.0,  0.001% 
 ,697.0, Yamask             ,  0.00000% ,60.0,  0.002% ,48.0,  0.002% 
 ,698.0, Pumpkaboo-Large    ,  0.00000% ,6.0,  0.000% ,4.0,  0.000% 
 ,699.0, Fomantis           ,  0.00000% ,2.0,  0.000% ,1.0,  0.000% 
 ,700.0, Whismur            ,  0.00000% ,17.0,  0.001% ,14.0,  0.001% 
